warehouse_id,zone,aisle,rack,shelf,location_code,capacity_units
WH1,1,1,1,1,WH1-Z1-A1-R1-S1,502
WH1,1,1,1,2,WH1-Z1-A1-R1-S2,835
WH1,1,1,1,3,WH1-Z1-A1-R1-S3,748
WH1,1,1,2,1,WH1-Z1-A1-R2-S1,650
WH1,1,1,2,2,WH1-Z1-A1-R2-S2,486
WH1,1,1,2,3,WH1-Z1-A1-R2-S3,451
WH1,1,1,3,1,WH1-Z1-A1-R3-S1,548
WH1,1,1,3,2,WH1-Z1-A1-R3-S2,380
WH1,1,1,3,3,WH1-Z1-A1-R3-S3,462
WH1,1,1,4,1,WH1-Z1-A1-R4-S1,461
WH1,1,1,4,2,WH1-Z1-A1-R4-S2,806
WH1,1,1,4,3,WH1-Z1-A1-R4-S3,554
WH1,1,1,5,1,WH1-Z1-A1-R5-S1,650
WH1,1,1,5,2,WH1-Z1-A1-R5-S2,778
WH1,1,1,5,3,WH1-Z1-A1-R5-S3,407
WH1,1,2,1,1,WH1-Z1-A2-R1-S1,772
WH1,1,2,1,2,WH1-Z1-A2-R1-S2,499
WH1,1,2,1,3,WH1-Z1-A2-R1-S3,759
WH1,1,2,2,1,WH1-Z1-A2-R2-S1,531
WH1,1,2,2,2,WH1-Z1-A2-R2-S2,510
WH1,1,2,2,3,WH1-Z1-A2-R2-S3,529
WH1,1,2,3,1,WH1-Z1-A2-R3-S1,668
WH1,1,2,3,2,WH1-Z1-A2-R3-S2,617
WH1,1,2,3,3,WH1-Z1-A2-R3-S3,703
WH1,1,2,4,1,WH1-Z1-A2-R4-S1,831
WH1,1,2,4,2,WH1-Z1-A2-R4-S2,753
WH1,1,2,4,3,WH1-Z1-A2-R4-S3,633
WH1,1,2,5,1,WH1-Z1-A2-R5-S1,705
WH1,1,2,5,2,WH1-Z1-A2-R5-S2,511
WH1,1,2,5,3,WH1-Z1-A2-R5-S3,763
WH1,1,3,1,1,WH1-Z1-A3-R1-S1,676
WH1,1,3,1,2,WH1-Z1-A3-R1-S2,560
WH1,1,3,1,3,WH1-Z1-A3-R1-S3,859
WH1,1,3,2,1,WH1-Z1-A3-R2-S1,693
WH1,1,3,2,2,WH1-Z1-A3-R2-S2,401
WH1,1,3,2,3,WH1-Z1-A3-R2-S3,632
WH1,1,3,3,1,WH1-Z1-A3-R3-S1,595
WH1,1,3,3,2,WH1-Z1-A3-R3-S2,704
WH1,1,3,3,3,WH1-Z1-A3-R3-S3,408
WH1,1,3,4,1,WH1-Z1-A3-R4-S1,814
WH1,1,3,4,2,WH1-Z1-A3-R4-S2,398
WH1,1,3,4,3,WH1-Z1-A3-R4-S3,509
WH1,1,3,5,1,WH1-Z1-A3-R5-S1,795
WH1,1,3,5,2,WH1-Z1-A3-R5-S2,507
WH1,1,3,5,3,WH1-Z1-A3-R5-S3,783
WH1,1,4,1,1,WH1-Z1-A4-R1-S1,670
WH1,1,4,1,2,WH1-Z1-A4-R1-S2,589
WH1,1,4,1,3,WH1-Z1-A4-R1-S3,845
WH1,1,4,2,1,WH1-Z1-A4-R2-S1,554
WH1,1,4,2,2,WH1-Z1-A4-R2-S2,825
WH1,1,4,2,3,WH1-Z1-A4-R2-S3,430
WH1,1,4,3,1,WH1-Z1-A4-R3-S1,723
WH1,1,4,3,2,WH1-Z1-A4-R3-S2,414
WH1,1,4,3,3,WH1-Z1-A4-R3-S3,603
WH1,1,4,4,1,WH1-Z1-A4-R4-S1,659
WH1,1,4,4,2,WH1-Z1-A4-R4-S2,470
WH1,1,4,4,3,WH1-Z1-A4-R4-S3,824
WH1,1,4,5,1,WH1-Z1-A4-R5-S1,626
WH1,1,4,5,2,WH1-Z1-A4-R5-S2,454
WH1,1,4,5,3,WH1-Z1-A4-R5-S3,340
WH1,2,1,1,1,WH1-Z2-A1-R1-S1,728
WH1,2,1,1,2,WH1-Z2-A1-R1-S2,566
WH1,2,1,1,3,WH1-Z2-A1-R1-S3,673
WH1,2,1,2,1,WH1-Z2-A1-R2-S1,767
WH1,2,1,2,2,WH1-Z2-A1-R2-S2,468
WH1,2,1,2,3,WH1-Z2-A1-R2-S3,695
WH1,2,1,3,1,WH1-Z2-A1-R3-S1,373
WH1,2,1,3,2,WH1-Z2-A1-R3-S2,601
WH1,2,1,3,3,WH1-Z2-A1-R3-S3,624
WH1,2,1,4,1,WH1-Z2-A1-R4-S1,685
WH1,2,1,4,2,WH1-Z2-A1-R4-S2,392
WH1,2,1,4,3,WH1-Z2-A1-R4-S3,725
WH1,2,1,5,1,WH1-Z2-A1-R5-S1,659
WH1,2,1,5,2,WH1-Z2-A1-R5-S2,411
WH1,2,1,5,3,WH1-Z2-A1-R5-S3,686
WH1,2,2,1,1,WH1-Z2-A2-R1-S1,843
WH1,2,2,1,2,WH1-Z2-A2-R1-S2,854
WH1,2,2,1,3,WH1-Z2-A2-R1-S3,827
WH1,2,2,2,1,WH1-Z2-A2-R2-S1,643
WH1,2,2,2,2,WH1-Z2-A2-R2-S2,810
WH1,2,2,2,3,WH1-Z2-A2-R2-S3,414
WH1,2,2,3,1,WH1-Z2-A2-R3-S1,565
WH1,2,2,3,2,WH1-Z2-A2-R3-S2,440
WH1,2,2,3,3,WH1-Z2-A2-R3-S3,779
WH1,2,2,4,1,WH1-Z2-A2-R4-S1,389
WH1,2,2,4,2,WH1-Z2-A2-R4-S2,699
WH1,2,2,4,3,WH1-Z2-A2-R4-S3,727
WH1,2,2,5,1,WH1-Z2-A2-R5-S1,321
WH1,2,2,5,2,WH1-Z2-A2-R5-S2,709
WH1,2,2,5,3,WH1-Z2-A2-R5-S3,373
WH1,2,3,1,1,WH1-Z2-A3-R1-S1,505
WH1,2,3,1,2,WH1-Z2-A3-R1-S2,659
WH1,2,3,1,3,WH1-Z2-A3-R1-S3,709
WH1,2,3,2,1,WH1-Z2-A3-R2-S1,856
WH1,2,3,2,2,WH1-Z2-A3-R2-S2,570
WH1,2,3,2,3,WH1-Z2-A3-R2-S3,781
WH1,2,3,3,1,WH1-Z2-A3-R3-S1,577
WH1,2,3,3,2,WH1-Z2-A3-R3-S2,403
WH1,2,3,3,3,WH1-Z2-A3-R3-S3,521
WH1,2,3,4,1,WH1-Z2-A3-R4-S1,541
WH1,2,3,4,2,WH1-Z2-A3-R4-S2,785
WH1,2,3,4,3,WH1-Z2-A3-R4-S3,823
WH1,2,3,5,1,WH1-Z2-A3-R5-S1,589
WH1,2,3,5,2,WH1-Z2-A3-R5-S2,670
WH1,2,3,5,3,WH1-Z2-A3-R5-S3,623
WH1,2,4,1,1,WH1-Z2-A4-R1-S1,670
WH1,2,4,1,2,WH1-Z2-A4-R1-S2,855
WH1,2,4,1,3,WH1-Z2-A4-R1-S3,861
WH1,2,4,2,1,WH1-Z2-A4-R2-S1,594
WH1,2,4,2,2,WH1-Z2-A4-R2-S2,631
WH1,2,4,2,3,WH1-Z2-A4-R2-S3,569
WH1,2,4,3,1,WH1-Z2-A4-R3-S1,655
WH1,2,4,3,2,WH1-Z2-A4-R3-S2,572
WH1,2,4,3,3,WH1-Z2-A4-R3-S3,567
WH1,2,4,4,1,WH1-Z2-A4-R4-S1,576
WH1,2,4,4,2,WH1-Z2-A4-R4-S2,677
WH1,2,4,4,3,WH1-Z2-A4-R4-S3,706
WH1,2,4,5,1,WH1-Z2-A4-R5-S1,372
WH1,2,4,5,2,WH1-Z2-A4-R5-S2,599
WH1,2,4,5,3,WH1-Z2-A4-R5-S3,729
WH1,3,1,1,1,WH1-Z3-A1-R1-S1,616
WH1,3,1,1,2,WH1-Z3-A1-R1-S2,651
WH1,3,1,1,3,WH1-Z3-A1-R1-S3,587
WH1,3,1,2,1,WH1-Z3-A1-R2-S1,759
WH1,3,1,2,2,WH1-Z3-A1-R2-S2,872
WH1,3,1,2,3,WH1-Z3-A1-R2-S3,420
WH1,3,1,3,1,WH1-Z3-A1-R3-S1,516
WH1,3,1,3,2,WH1-Z3-A1-R3-S2,374
WH1,3,1,3,3,WH1-Z3-A1-R3-S3,660
WH1,3,1,4,1,WH1-Z3-A1-R4-S1,404
WH1,3,1,4,2,WH1-Z3-A1-R4-S2,684
WH1,3,1,4,3,WH1-Z3-A1-R4-S3,666
WH1,3,1,5,1,WH1-Z3-A1-R5-S1,328
WH1,3,1,5,2,WH1-Z3-A1-R5-S2,663
WH1,3,1,5,3,WH1-Z3-A1-R5-S3,448
WH1,3,2,1,1,WH1-Z3-A2-R1-S1,891
WH1,3,2,1,2,WH1-Z3-A2-R1-S2,535
WH1,3,2,1,3,WH1-Z3-A2-R1-S3,871
WH1,3,2,2,1,WH1-Z3-A2-R2-S1,442
WH1,3,2,2,2,WH1-Z3-A2-R2-S2,518
WH1,3,2,2,3,WH1-Z3-A2-R2-S3,878
WH1,3,2,3,1,WH1-Z3-A2-R3-S1,440
WH1,3,2,3,2,WH1-Z3-A2-R3-S2,751
WH1,3,2,3,3,WH1-Z3-A2-R3-S3,522
WH1,3,2,4,1,WH1-Z3-A2-R4-S1,758
WH1,3,2,4,2,WH1-Z3-A2-R4-S2,628
WH1,3,2,4,3,WH1-Z3-A2-R4-S3,718
WH1,3,2,5,1,WH1-Z3-A2-R5-S1,580
WH1,3,2,5,2,WH1-Z3-A2-R5-S2,809
WH1,3,2,5,3,WH1-Z3-A2-R5-S3,550
WH1,3,3,1,1,WH1-Z3-A3-R1-S1,440
WH1,3,3,1,2,WH1-Z3-A3-R1-S2,427
WH1,3,3,1,3,WH1-Z3-A3-R1-S3,534
WH1,3,3,2,1,WH1-Z3-A3-R2-S1,580
WH1,3,3,2,2,WH1-Z3-A3-R2-S2,707
WH1,3,3,2,3,WH1-Z3-A3-R2-S3,647
WH1,3,3,3,1,WH1-Z3-A3-R3-S1,777
WH1,3,3,3,2,WH1-Z3-A3-R3-S2,392
WH1,3,3,3,3,WH1-Z3-A3-R3-S3,407
WH1,3,3,4,1,WH1-Z3-A3-R4-S1,746
WH1,3,3,4,2,WH1-Z3-A3-R4-S2,401
WH1,3,3,4,3,WH1-Z3-A3-R4-S3,555
WH1,3,3,5,1,WH1-Z3-A3-R5-S1,612
WH1,3,3,5,2,WH1-Z3-A3-R5-S2,418
WH1,3,3,5,3,WH1-Z3-A3-R5-S3,491
WH1,3,4,1,1,WH1-Z3-A4-R1-S1,759
WH1,3,4,1,2,WH1-Z3-A4-R1-S2,613
WH1,3,4,1,3,WH1-Z3-A4-R1-S3,874
WH1,3,4,2,1,WH1-Z3-A4-R2-S1,414
WH1,3,4,2,2,WH1-Z3-A4-R2-S2,828
WH1,3,4,2,3,WH1-Z3-A4-R2-S3,606
WH1,3,4,3,1,WH1-Z3-A4-R3-S1,460
WH1,3,4,3,2,WH1-Z3-A4-R3-S2,790
WH1,3,4,3,3,WH1-Z3-A4-R3-S3,821
WH1,3,4,4,1,WH1-Z3-A4-R4-S1,470
WH1,3,4,4,2,WH1-Z3-A4-R4-S2,596
WH1,3,4,4,3,WH1-Z3-A4-R4-S3,344
WH1,3,4,5,1,WH1-Z3-A4-R5-S1,537
WH1,3,4,5,2,WH1-Z3-A4-R5-S2,574
WH1,3,4,5,3,WH1-Z3-A4-R5-S3,717
WH1,4,1,1,1,WH1-Z4-A1-R1-S1,758
WH1,4,1,1,2,WH1-Z4-A1-R1-S2,682
WH1,4,1,1,3,WH1-Z4-A1-R1-S3,792
WH1,4,1,2,1,WH1-Z4-A1-R2-S1,586
WH1,4,1,2,2,WH1-Z4-A1-R2-S2,394
WH1,4,1,2,3,WH1-Z4-A1-R2-S3,725
WH1,4,1,3,1,WH1-Z4-A1-R3-S1,401
WH1,4,1,3,2,WH1-Z4-A1-R3-S2,739
WH1,4,1,3,3,WH1-Z4-A1-R3-S3,820
WH1,4,1,4,1,WH1-Z4-A1-R4-S1,518
WH1,4,1,4,2,WH1-Z4-A1-R4-S2,402
WH1,4,1,4,3,WH1-Z4-A1-R4-S3,691
WH1,4,1,5,1,WH1-Z4-A1-R5-S1,550
WH1,4,1,5,2,WH1-Z4-A1-R5-S2,560
WH1,4,1,5,3,WH1-Z4-A1-R5-S3,371
WH1,4,2,1,1,WH1-Z4-A2-R1-S1,495
WH1,4,2,1,2,WH1-Z4-A2-R1-S2,787
WH1,4,2,1,3,WH1-Z4-A2-R1-S3,621
WH1,4,2,2,1,WH1-Z4-A2-R2-S1,864
WH1,4,2,2,2,WH1-Z4-A2-R2-S2,786
WH1,4,2,2,3,WH1-Z4-A2-R2-S3,610
WH1,4,2,3,1,WH1-Z4-A2-R3-S1,596
WH1,4,2,3,2,WH1-Z4-A2-R3-S2,502
WH1,4,2,3,3,WH1-Z4-A2-R3-S3,530
WH1,4,2,4,1,WH1-Z4-A2-R4-S1,368
WH1,4,2,4,2,WH1-Z4-A2-R4-S2,375
WH1,4,2,4,3,WH1-Z4-A2-R4-S3,352
WH1,4,2,5,1,WH1-Z4-A2-R5-S1,479
WH1,4,2,5,2,WH1-Z4-A2-R5-S2,646
WH1,4,2,5,3,WH1-Z4-A2-R5-S3,506
WH1,4,3,1,1,WH1-Z4-A3-R1-S1,642
WH1,4,3,1,2,WH1-Z4-A3-R1-S2,485
WH1,4,3,1,3,WH1-Z4-A3-R1-S3,683
WH1,4,3,2,1,WH1-Z4-A3-R2-S1,445
WH1,4,3,2,2,WH1-Z4-A3-R2-S2,549
WH1,4,3,2,3,WH1-Z4-A3-R2-S3,424
WH1,4,3,3,1,WH1-Z4-A3-R3-S1,421
WH1,4,3,3,2,WH1-Z4-A3-R3-S2,800
WH1,4,3,3,3,WH1-Z4-A3-R3-S3,493
WH1,4,3,4,1,WH1-Z4-A3-R4-S1,623
WH1,4,3,4,2,WH1-Z4-A3-R4-S2,367
WH1,4,3,4,3,WH1-Z4-A3-R4-S3,447
WH1,4,3,5,1,WH1-Z4-A3-R5-S1,363
WH1,4,3,5,2,WH1-Z4-A3-R5-S2,659
WH1,4,3,5,3,WH1-Z4-A3-R5-S3,605
WH1,4,4,1,1,WH1-Z4-A4-R1-S1,845
WH1,4,4,1,2,WH1-Z4-A4-R1-S2,730
WH1,4,4,1,3,WH1-Z4-A4-R1-S3,527
WH1,4,4,2,1,WH1-Z4-A4-R2-S1,727
WH1,4,4,2,2,WH1-Z4-A4-R2-S2,852
WH1,4,4,2,3,WH1-Z4-A4-R2-S3,610
WH1,4,4,3,1,WH1-Z4-A4-R3-S1,549
WH1,4,4,3,2,WH1-Z4-A4-R3-S2,584
WH1,4,4,3,3,WH1-Z4-A4-R3-S3,744
WH1,4,4,4,1,WH1-Z4-A4-R4-S1,716
WH1,4,4,4,2,WH1-Z4-A4-R4-S2,622
WH1,4,4,4,3,WH1-Z4-A4-R4-S3,785
WH1,4,4,5,1,WH1-Z4-A4-R5-S1,440
WH1,4,4,5,2,WH1-Z4-A4-R5-S2,435
WH1,4,4,5,3,WH1-Z4-A4-R5-S3,780
WH2,1,1,1,1,WH2-Z1-A1-R1-S1,632
WH2,1,1,1,2,WH2-Z1-A1-R1-S2,658
WH2,1,1,1,3,WH2-Z1-A1-R1-S3,758
WH2,1,1,2,1,WH2-Z1-A1-R2-S1,577
WH2,1,1,2,2,WH2-Z1-A1-R2-S2,835
WH2,1,1,2,3,WH2-Z1-A1-R2-S3,790
WH2,1,1,3,1,WH2-Z1-A1-R3-S1,496
WH2,1,1,3,2,WH2-Z1-A1-R3-S2,677
WH2,1,1,3,3,WH2-Z1-A1-R3-S3,524
WH2,1,1,4,1,WH2-Z1-A1-R4-S1,564
WH2,1,1,4,2,WH2-Z1-A1-R4-S2,646
WH2,1,1,4,3,WH2-Z1-A1-R4-S3,573
WH2,1,1,5,1,WH2-Z1-A1-R5-S1,491
WH2,1,1,5,2,WH2-Z1-A1-R5-S2,471
WH2,1,1,5,3,WH2-Z1-A1-R5-S3,782
WH2,1,2,1,1,WH2-Z1-A2-R1-S1,714
WH2,1,2,1,2,WH2-Z1-A2-R1-S2,773
WH2,1,2,1,3,WH2-Z1-A2-R1-S3,559
WH2,1,2,2,1,WH2-Z1-A2-R2-S1,475
WH2,1,2,2,2,WH2-Z1-A2-R2-S2,851
WH2,1,2,2,3,WH2-Z1-A2-R2-S3,612
WH2,1,2,3,1,WH2-Z1-A2-R3-S1,539
WH2,1,2,3,2,WH2-Z1-A2-R3-S2,472
WH2,1,2,3,3,WH2-Z1-A2-R3-S3,677
WH2,1,2,4,1,WH2-Z1-A2-R4-S1,836
WH2,1,2,4,2,WH2-Z1-A2-R4-S2,781
WH2,1,2,4,3,WH2-Z1-A2-R4-S3,391
WH2,1,2,5,1,WH2-Z1-A2-R5-S1,587
WH2,1,2,5,2,WH2-Z1-A2-R5-S2,614
WH2,1,2,5,3,WH2-Z1-A2-R5-S3,705
WH2,1,3,1,1,WH2-Z1-A3-R1-S1,786
WH2,1,3,1,2,WH2-Z1-A3-R1-S2,512
WH2,1,3,1,3,WH2-Z1-A3-R1-S3,500
WH2,1,3,2,1,WH2-Z1-A3-R2-S1,492
WH2,1,3,2,2,WH2-Z1-A3-R2-S2,819
WH2,1,3,2,3,WH2-Z1-A3-R2-S3,460
WH2,1,3,3,1,WH2-Z1-A3-R3-S1,546
WH2,1,3,3,2,WH2-Z1-A3-R3-S2,472
WH2,1,3,3,3,WH2-Z1-A3-R3-S3,361
WH2,1,3,4,1,WH2-Z1-A3-R4-S1,469
WH2,1,3,4,2,WH2-Z1-A3-R4-S2,559
WH2,1,3,4,3,WH2-Z1-A3-R4-S3,393
WH2,1,3,5,1,WH2-Z1-A3-R5-S1,662
WH2,1,3,5,2,WH2-Z1-A3-R5-S2,804
WH2,1,3,5,3,WH2-Z1-A3-R5-S3,543
WH2,1,4,1,1,WH2-Z1-A4-R1-S1,624
WH2,1,4,1,2,WH2-Z1-A4-R1-S2,784
WH2,1,4,1,3,WH2-Z1-A4-R1-S3,802
WH2,1,4,2,1,WH2-Z1-A4-R2-S1,505
WH2,1,4,2,2,WH2-Z1-A4-R2-S2,509
WH2,1,4,2,3,WH2-Z1-A4-R2-S3,432
WH2,1,4,3,1,WH2-Z1-A4-R3-S1,531
WH2,1,4,3,2,WH2-Z1-A4-R3-S2,577
WH2,1,4,3,3,WH2-Z1-A4-R3-S3,519
WH2,1,4,4,1,WH2-Z1-A4-R4-S1,537
WH2,1,4,4,2,WH2-Z1-A4-R4-S2,755
WH2,1,4,4,3,WH2-Z1-A4-R4-S3,586
WH2,1,4,5,1,WH2-Z1-A4-R5-S1,643
WH2,1,4,5,2,WH2-Z1-A4-R5-S2,758
WH2,1,4,5,3,WH2-Z1-A4-R5-S3,522
WH2,2,1,1,1,WH2-Z2-A1-R1-S1,583
WH2,2,1,1,2,WH2-Z2-A1-R1-S2,522
WH2,2,1,1,3,WH2-Z2-A1-R1-S3,800
WH2,2,1,2,1,WH2-Z2-A1-R2-S1,634
WH2,2,1,2,2,WH2-Z2-A1-R2-S2,673
WH2,2,1,2,3,WH2-Z2-A1-R2-S3,659
WH2,2,1,3,1,WH2-Z2-A1-R3-S1,684
WH2,2,1,3,2,WH2-Z2-A1-R3-S2,731
WH2,2,1,3,3,WH2-Z2-A1-R3-S3,457
WH2,2,1,4,1,WH2-Z2-A1-R4-S1,537
WH2,2,1,4,2,WH2-Z2-A1-R4-S2,809
WH2,2,1,4,3,WH2-Z2-A1-R4-S3,734
WH2,2,1,5,1,WH2-Z2-A1-R5-S1,559
WH2,2,1,5,2,WH2-Z2-A1-R5-S2,463
WH2,2,1,5,3,WH2-Z2-A1-R5-S3,416
WH2,2,2,1,1,WH2-Z2-A2-R1-S1,600
WH2,2,2,1,2,WH2-Z2-A2-R1-S2,523
WH2,2,2,1,3,WH2-Z2-A2-R1-S3,586
WH2,2,2,2,1,WH2-Z2-A2-R2-S1,705
WH2,2,2,2,2,WH2-Z2-A2-R2-S2,843
WH2,2,2,2,3,WH2-Z2-A2-R2-S3,728
WH2,2,2,3,1,WH2-Z2-A2-R3-S1,618
WH2,2,2,3,2,WH2-Z2-A2-R3-S2,507
WH2,2,2,3,3,WH2-Z2-A2-R3-S3,611
WH2,2,2,4,1,WH2-Z2-A2-R4-S1,782
WH2,2,2,4,2,WH2-Z2-A2-R4-S2,759
WH2,2,2,4,3,WH2-Z2-A2-R4-S3,742
WH2,2,2,5,1,WH2-Z2-A2-R5-S1,665
WH2,2,2,5,2,WH2-Z2-A2-R5-S2,770
WH2,2,2,5,3,WH2-Z2-A2-R5-S3,466
WH2,2,3,1,1,WH2-Z2-A3-R1-S1,547
WH2,2,3,1,2,WH2-Z2-A3-R1-S2,751
WH2,2,3,1,3,WH2-Z2-A3-R1-S3,598
WH2,2,3,2,1,WH2-Z2-A3-R2-S1,687
WH2,2,3,2,2,WH2-Z2-A3-R2-S2,868
WH2,2,3,2,3,WH2-Z2-A3-R2-S3,796
WH2,2,3,3,1,WH2-Z2-A3-R3-S1,783
WH2,2,3,3,2,WH2-Z2-A3-R3-S2,487
WH2,2,3,3,3,WH2-Z2-A3-R3-S3,398
WH2,2,3,4,1,WH2-Z2-A3-R4-S1,677
WH2,2,3,4,2,WH2-Z2-A3-R4-S2,699
WH2,2,3,4,3,WH2-Z2-A3-R4-S3,468
WH2,2,3,5,1,WH2-Z2-A3-R5-S1,586
WH2,2,3,5,2,WH2-Z2-A3-R5-S2,795
WH2,2,3,5,3,WH2-Z2-A3-R5-S3,760
WH2,2,4,1,1,WH2-Z2-A4-R1-S1,872
WH2,2,4,1,2,WH2-Z2-A4-R1-S2,833
WH2,2,4,1,3,WH2-Z2-A4-R1-S3,550
WH2,2,4,2,1,WH2-Z2-A4-R2-S1,794
WH2,2,4,2,2,WH2-Z2-A4-R2-S2,857
WH2,2,4,2,3,WH2-Z2-A4-R2-S3,677
WH2,2,4,3,1,WH2-Z2-A4-R3-S1,458
WH2,2,4,3,2,WH2-Z2-A4-R3-S2,622
WH2,2,4,3,3,WH2-Z2-A4-R3-S3,611
WH2,2,4,4,1,WH2-Z2-A4-R4-S1,483
WH2,2,4,4,2,WH2-Z2-A4-R4-S2,685
WH2,2,4,4,3,WH2-Z2-A4-R4-S3,451
WH2,2,4,5,1,WH2-Z2-A4-R5-S1,819
WH2,2,4,5,2,WH2-Z2-A4-R5-S2,379
WH2,2,4,5,3,WH2-Z2-A4-R5-S3,688
WH2,3,1,1,1,WH2-Z3-A1-R1-S1,401
WH2,3,1,1,2,WH2-Z3-A1-R1-S2,784
WH2,3,1,1,3,WH2-Z3-A1-R1-S3,703
WH2,3,1,2,1,WH2-Z3-A1-R2-S1,633
WH2,3,1,2,2,WH2-Z3-A1-R2-S2,519
WH2,3,1,2,3,WH2-Z3-A1-R2-S3,832
WH2,3,1,3,1,WH2-Z3-A1-R3-S1,396
WH2,3,1,3,2,WH2-Z3-A1-R3-S2,519
WH2,3,1,3,3,WH2-Z3-A1-R3-S3,368
WH2,3,1,4,1,WH2-Z3-A1-R4-S1,572
WH2,3,1,4,2,WH2-Z3-A1-R4-S2,438
WH2,3,1,4,3,WH2-Z3-A1-R4-S3,486
WH2,3,1,5,1,WH2-Z3-A1-R5-S1,623
WH2,3,1,5,2,WH2-Z3-A1-R5-S2,527
WH2,3,1,5,3,WH2-Z3-A1-R5-S3,450
WH2,3,2,1,1,WH2-Z3-A2-R1-S1,803
WH2,3,2,1,2,WH2-Z3-A2-R1-S2,551
WH2,3,2,1,3,WH2-Z3-A2-R1-S3,453
WH2,3,2,2,1,WH2-Z3-A2-R2-S1,499
WH2,3,2,2,2,WH2-Z3-A2-R2-S2,540
WH2,3,2,2,3,WH2-Z3-A2-R2-S3,787
WH2,3,2,3,1,WH2-Z3-A2-R3-S1,475
WH2,3,2,3,2,WH2-Z3-A2-R3-S2,434
WH2,3,2,3,3,WH2-Z3-A2-R3-S3,472
WH2,3,2,4,1,WH2-Z3-A2-R4-S1,795
WH2,3,2,4,2,WH2-Z3-A2-R4-S2,759
WH2,3,2,4,3,WH2-Z3-A2-R4-S3,761
WH2,3,2,5,1,WH2-Z3-A2-R5-S1,423
WH2,3,2,5,2,WH2-Z3-A2-R5-S2,659
WH2,3,2,5,3,WH2-Z3-A2-R5-S3,573
WH2,3,3,1,1,WH2-Z3-A3-R1-S1,626
WH2,3,3,1,2,WH2-Z3-A3-R1-S2,511
WH2,3,3,1,3,WH2-Z3-A3-R1-S3,872
WH2,3,3,2,1,WH2-Z3-A3-R2-S1,478
WH2,3,3,2,2,WH2-Z3-A3-R2-S2,532
WH2,3,3,2,3,WH2-Z3-A3-R2-S3,728
WH2,3,3,3,1,WH2-Z3-A3-R3-S1,761
WH2,3,3,3,2,WH2-Z3-A3-R3-S2,743
WH2,3,3,3,3,WH2-Z3-A3-R3-S3,725
WH2,3,3,4,1,WH2-Z3-A3-R4-S1,677
WH2,3,3,4,2,WH2-Z3-A3-R4-S2,533
WH2,3,3,4,3,WH2-Z3-A3-R4-S3,649
WH2,3,3,5,1,WH2-Z3-A3-R5-S1,482
WH2,3,3,5,2,WH2-Z3-A3-R5-S2,527
WH2,3,3,5,3,WH2-Z3-A3-R5-S3,764
WH2,3,4,1,1,WH2-Z3-A4-R1-S1,568
WH2,3,4,1,2,WH2-Z3-A4-R1-S2,883
WH2,3,4,1,3,WH2-Z3-A4-R1-S3,560
WH2,3,4,2,1,WH2-Z3-A4-R2-S1,447
WH2,3,4,2,2,WH2-Z3-A4-R2-S2,668
WH2,3,4,2,3,WH2-Z3-A4-R2-S3,777
WH2,3,4,3,1,WH2-Z3-A4-R3-S1,636
WH2,3,4,3,2,WH2-Z3-A4-R3-S2,663
WH2,3,4,3,3,WH2-Z3-A4-R3-S3,763
WH2,3,4,4,1,WH2-Z3-A4-R4-S1,723
WH2,3,4,4,2,WH2-Z3-A4-R4-S2,731
WH2,3,4,4,3,WH2-Z3-A4-R4-S3,474
WH2,3,4,5,1,WH2-Z3-A4-R5-S1,514
WH2,3,4,5,2,WH2-Z3-A4-R5-S2,720
WH2,3,4,5,3,WH2-Z3-A4-R5-S3,447
WH2,4,1,1,1,WH2-Z4-A1-R1-S1,432
WH2,4,1,1,2,WH2-Z4-A1-R1-S2,575
WH2,4,1,1,3,WH2-Z4-A1-R1-S3,859
WH2,4,1,2,1,WH2-Z4-A1-R2-S1,822
WH2,4,1,2,2,WH2-Z4-A1-R2-S2,750
WH2,4,1,2,3,WH2-Z4-A1-R2-S3,849
WH2,4,1,3,1,WH2-Z4-A1-R3-S1,734
WH2,4,1,3,2,WH2-Z4-A1-R3-S2,381
WH2,4,1,3,3,WH2-Z4-A1-R3-S3,597
WH2,4,1,4,1,WH2-Z4-A1-R4-S1,497
WH2,4,1,4,2,WH2-Z4-A1-R4-S2,377
WH2,4,1,4,3,WH2-Z4-A1-R4-S3,569
WH2,4,1,5,1,WH2-Z4-A1-R5-S1,684
WH2,4,1,5,2,WH2-Z4-A1-R5-S2,370
WH2,4,1,5,3,WH2-Z4-A1-R5-S3,757
WH2,4,2,1,1,WH2-Z4-A2-R1-S1,663
WH2,4,2,1,2,WH2-Z4-A2-R1-S2,682
WH2,4,2,1,3,WH2-Z4-A2-R1-S3,426
WH2,4,2,2,1,WH2-Z4-A2-R2-S1,605
WH2,4,2,2,2,WH2-Z4-A2-R2-S2,656
WH2,4,2,2,3,WH2-Z4-A2-R2-S3,665
WH2,4,2,3,1,WH2-Z4-A2-R3-S1,456
WH2,4,2,3,2,WH2-Z4-A2-R3-S2,643
WH2,4,2,3,3,WH2-Z4-A2-R3-S3,726
WH2,4,2,4,1,WH2-Z4-A2-R4-S1,787
WH2,4,2,4,2,WH2-Z4-A2-R4-S2,820
WH2,4,2,4,3,WH2-Z4-A2-R4-S3,792
WH2,4,2,5,1,WH2-Z4-A2-R5-S1,636
WH2,4,2,5,2,WH2-Z4-A2-R5-S2,623
WH2,4,2,5,3,WH2-Z4-A2-R5-S3,466
WH2,4,3,1,1,WH2-Z4-A3-R1-S1,403
WH2,4,3,1,2,WH2-Z4-A3-R1-S2,434
WH2,4,3,1,3,WH2-Z4-A3-R1-S3,591
WH2,4,3,2,1,WH2-Z4-A3-R2-S1,428
WH2,4,3,2,2,WH2-Z4-A3-R2-S2,396
WH2,4,3,2,3,WH2-Z4-A3-R2-S3,551
WH2,4,3,3,1,WH2-Z4-A3-R3-S1,579
WH2,4,3,3,2,WH2-Z4-A3-R3-S2,517
WH2,4,3,3,3,WH2-Z4-A3-R3-S3,836
WH2,4,3,4,1,WH2-Z4-A3-R4-S1,385
WH2,4,3,4,2,WH2-Z4-A3-R4-S2,712
WH2,4,3,4,3,WH2-Z4-A3-R4-S3,345
WH2,4,3,5,1,WH2-Z4-A3-R5-S1,418
WH2,4,3,5,2,WH2-Z4-A3-R5-S2,699
WH2,4,3,5,3,WH2-Z4-A3-R5-S3,552
WH2,4,4,1,1,WH2-Z4-A4-R1-S1,436
WH2,4,4,1,2,WH2-Z4-A4-R1-S2,679
WH2,4,4,1,3,WH2-Z4-A4-R1-S3,748
WH2,4,4,2,1,WH2-Z4-A4-R2-S1,876
WH2,4,4,2,2,WH2-Z4-A4-R2-S2,681
WH2,4,4,2,3,WH2-Z4-A4-R2-S3,560
WH2,4,4,3,1,WH2-Z4-A4-R3-S1,454
WH2,4,4,3,2,WH2-Z4-A4-R3-S2,458
WH2,4,4,3,3,WH2-Z4-A4-R3-S3,547
WH2,4,4,4,1,WH2-Z4-A4-R4-S1,820
WH2,4,4,4,2,WH2-Z4-A4-R4-S2,455
WH2,4,4,4,3,WH2-Z4-A4-R4-S3,530
WH2,4,4,5,1,WH2-Z4-A4-R5-S1,572
WH2,4,4,5,2,WH2-Z4-A4-R5-S2,788
WH2,4,4,5,3,WH2-Z4-A4-R5-S3,735
WH3,1,1,1,1,WH3-Z1-A1-R1-S1,870
WH3,1,1,1,2,WH3-Z1-A1-R1-S2,560
WH3,1,1,1,3,WH3-Z1-A1-R1-S3,655
WH3,1,1,2,1,WH3-Z1-A1-R2-S1,702
WH3,1,1,2,2,WH3-Z1-A1-R2-S2,507
WH3,1,1,2,3,WH3-Z1-A1-R2-S3,397
WH3,1,1,3,1,WH3-Z1-A1-R3-S1,640
WH3,1,1,3,2,WH3-Z1-A1-R3-S2,849
WH3,1,1,3,3,WH3-Z1-A1-R3-S3,582
WH3,1,1,4,1,WH3-Z1-A1-R4-S1,393
WH3,1,1,4,2,WH3-Z1-A1-R4-S2,397
WH3,1,1,4,3,WH3-Z1-A1-R4-S3,662
WH3,1,1,5,1,WH3-Z1-A1-R5-S1,679
WH3,1,1,5,2,WH3-Z1-A1-R5-S2,493
WH3,1,1,5,3,WH3-Z1-A1-R5-S3,599
WH3,1,2,1,1,WH3-Z1-A2-R1-S1,513
WH3,1,2,1,2,WH3-Z1-A2-R1-S2,687
WH3,1,2,1,3,WH3-Z1-A2-R1-S3,830
WH3,1,2,2,1,WH3-Z1-A2-R2-S1,721
WH3,1,2,2,2,WH3-Z1-A2-R2-S2,530
WH3,1,2,2,3,WH3-Z1-A2-R2-S3,829
WH3,1,2,3,1,WH3-Z1-A2-R3-S1,486
WH3,1,2,3,2,WH3-Z1-A2-R3-S2,514
WH3,1,2,3,3,WH3-Z1-A2-R3-S3,849
WH3,1,2,4,1,WH3-Z1-A2-R4-S1,725
WH3,1,2,4,2,WH3-Z1-A2-R4-S2,813
WH3,1,2,4,3,WH3-Z1-A2-R4-S3,612
WH3,1,2,5,1,WH3-Z1-A2-R5-S1,423
WH3,1,2,5,2,WH3-Z1-A2-R5-S2,736
WH3,1,2,5,3,WH3-Z1-A2-R5-S3,712
WH3,1,3,1,1,WH3-Z1-A3-R1-S1,698
WH3,1,3,1,2,WH3-Z1-A3-R1-S2,645
WH3,1,3,1,3,WH3-Z1-A3-R1-S3,575
WH3,1,3,2,1,WH3-Z1-A3-R2-S1,418
WH3,1,3,2,2,WH3-Z1-A3-R2-S2,856
WH3,1,3,2,3,WH3-Z1-A3-R2-S3,549
WH3,1,3,3,1,WH3-Z1-A3-R3-S1,606
WH3,1,3,3,2,WH3-Z1-A3-R3-S2,385
WH3,1,3,3,3,WH3-Z1-A3-R3-S3,714
WH3,1,3,4,1,WH3-Z1-A3-R4-S1,645
WH3,1,3,4,2,WH3-Z1-A3-R4-S2,748
WH3,1,3,4,3,WH3-Z1-A3-R4-S3,747
WH3,1,3,5,1,WH3-Z1-A3-R5-S1,332
WH3,1,3,5,2,WH3-Z1-A3-R5-S2,635
WH3,1,3,5,3,WH3-Z1-A3-R5-S3,710
WH3,1,4,1,1,WH3-Z1-A4-R1-S1,712
WH3,1,4,1,2,WH3-Z1-A4-R1-S2,435
WH3,1,4,1,3,WH3-Z1-A4-R1-S3,572
WH3,1,4,2,1,WH3-Z1-A4-R2-S1,399
WH3,1,4,2,2,WH3-Z1-A4-R2-S2,700
WH3,1,4,2,3,WH3-Z1-A4-R2-S3,643
WH3,1,4,3,1,WH3-Z1-A4-R3-S1,853
WH3,1,4,3,2,WH3-Z1-A4-R3-S2,759
WH3,1,4,3,3,WH3-Z1-A4-R3-S3,501
WH3,1,4,4,1,WH3-Z1-A4-R4-S1,799
WH3,1,4,4,2,WH3-Z1-A4-R4-S2,710
WH3,1,4,4,3,WH3-Z1-A4-R4-S3,810
WH3,1,4,5,1,WH3-Z1-A4-R5-S1,462
WH3,1,4,5,2,WH3-Z1-A4-R5-S2,411
WH3,1,4,5,3,WH3-Z1-A4-R5-S3,673
WH3,2,1,1,1,WH3-Z2-A1-R1-S1,721
WH3,2,1,1,2,WH3-Z2-A1-R1-S2,687
WH3,2,1,1,3,WH3-Z2-A1-R1-S3,614
WH3,2,1,2,1,WH3-Z2-A1-R2-S1,826
WH3,2,1,2,2,WH3-Z2-A1-R2-S2,721
WH3,2,1,2,3,WH3-Z2-A1-R2-S3,430
WH3,2,1,3,1,WH3-Z2-A1-R3-S1,512
WH3,2,1,3,2,WH3-Z2-A1-R3-S2,545
WH3,2,1,3,3,WH3-Z2-A1-R3-S3,422
WH3,2,1,4,1,WH3-Z2-A1-R4-S1,529
WH3,2,1,4,2,WH3-Z2-A1-R4-S2,464
WH3,2,1,4,3,WH3-Z2-A1-R4-S3,489
WH3,2,1,5,1,WH3-Z2-A1-R5-S1,633
WH3,2,1,5,2,WH3-Z2-A1-R5-S2,377
WH3,2,1,5,3,WH3-Z2-A1-R5-S3,661
WH3,2,2,1,1,WH3-Z2-A2-R1-S1,704
WH3,2,2,1,2,WH3-Z2-A2-R1-S2,579
WH3,2,2,1,3,WH3-Z2-A2-R1-S3,569
WH3,2,2,2,1,WH3-Z2-A2-R2-S1,705
WH3,2,2,2,2,WH3-Z2-A2-R2-S2,650
WH3,2,2,2,3,WH3-Z2-A2-R2-S3,433
WH3,2,2,3,1,WH3-Z2-A2-R3-S1,850
WH3,2,2,3,2,WH3-Z2-A2-R3-S2,803
WH3,2,2,3,3,WH3-Z2-A2-R3-S3,460
WH3,2,2,4,1,WH3-Z2-A2-R4-S1,820
WH3,2,2,4,2,WH3-Z2-A2-R4-S2,603
WH3,2,2,4,3,WH3-Z2-A2-R4-S3,392
WH3,2,2,5,1,WH3-Z2-A2-R5-S1,379
WH3,2,2,5,2,WH3-Z2-A2-R5-S2,811
WH3,2,2,5,3,WH3-Z2-A2-R5-S3,427
WH3,2,3,1,1,WH3-Z2-A3-R1-S1,404
WH3,2,3,1,2,WH3-Z2-A3-R1-S2,502
WH3,2,3,1,3,WH3-Z2-A3-R1-S3,595
WH3,2,3,2,1,WH3-Z2-A3-R2-S1,641
WH3,2,3,2,2,WH3-Z2-A3-R2-S2,744
WH3,2,3,2,3,WH3-Z2-A3-R2-S3,859
WH3,2,3,3,1,WH3-Z2-A3-R3-S1,731
WH3,2,3,3,2,WH3-Z2-A3-R3-S2,709
WH3,2,3,3,3,WH3-Z2-A3-R3-S3,406
WH3,2,3,4,1,WH3-Z2-A3-R4-S1,694
WH3,2,3,4,2,WH3-Z2-A3-R4-S2,650
WH3,2,3,4,3,WH3-Z2-A3-R4-S3,763
WH3,2,3,5,1,WH3-Z2-A3-R5-S1,627
WH3,2,3,5,2,WH3-Z2-A3-R5-S2,463
WH3,2,3,5,3,WH3-Z2-A3-R5-S3,588
WH3,2,4,1,1,WH3-Z2-A4-R1-S1,769
WH3,2,4,1,2,WH3-Z2-A4-R1-S2,523
WH3,2,4,1,3,WH3-Z2-A4-R1-S3,505
WH3,2,4,2,1,WH3-Z2-A4-R2-S1,537
WH3,2,4,2,2,WH3-Z2-A4-R2-S2,526
WH3,2,4,2,3,WH3-Z2-A4-R2-S3,524
WH3,2,4,3,1,WH3-Z2-A4-R3-S1,479
WH3,2,4,3,2,WH3-Z2-A4-R3-S2,678
WH3,2,4,3,3,WH3-Z2-A4-R3-S3,634
WH3,2,4,4,1,WH3-Z2-A4-R4-S1,431
WH3,2,4,4,2,WH3-Z2-A4-R4-S2,397
WH3,2,4,4,3,WH3-Z2-A4-R4-S3,778
WH3,2,4,5,1,WH3-Z2-A4-R5-S1,665
WH3,2,4,5,2,WH3-Z2-A4-R5-S2,548
WH3,2,4,5,3,WH3-Z2-A4-R5-S3,793
WH3,3,1,1,1,WH3-Z3-A1-R1-S1,516
WH3,3,1,1,2,WH3-Z3-A1-R1-S2,717
WH3,3,1,1,3,WH3-Z3-A1-R1-S3,678
WH3,3,1,2,1,WH3-Z3-A1-R2-S1,506
WH3,3,1,2,2,WH3-Z3-A1-R2-S2,772
WH3,3,1,2,3,WH3-Z3-A1-R2-S3,775
WH3,3,1,3,1,WH3-Z3-A1-R3-S1,488
WH3,3,1,3,2,WH3-Z3-A1-R3-S2,417
WH3,3,1,3,3,WH3-Z3-A1-R3-S3,481
WH3,3,1,4,1,WH3-Z3-A1-R4-S1,340
WH3,3,1,4,2,WH3-Z3-A1-R4-S2,578
WH3,3,1,4,3,WH3-Z3-A1-R4-S3,629
WH3,3,1,5,1,WH3-Z3-A1-R5-S1,415
WH3,3,1,5,2,WH3-Z3-A1-R5-S2,445
WH3,3,1,5,3,WH3-Z3-A1-R5-S3,437
WH3,3,2,1,1,WH3-Z3-A2-R1-S1,447
WH3,3,2,1,2,WH3-Z3-A2-R1-S2,488
WH3,3,2,1,3,WH3-Z3-A2-R1-S3,887
WH3,3,2,2,1,WH3-Z3-A2-R2-S1,616
WH3,3,2,2,2,WH3-Z3-A2-R2-S2,752
WH3,3,2,2,3,WH3-Z3-A2-R2-S3,764
WH3,3,2,3,1,WH3-Z3-A2-R3-S1,631
WH3,3,2,3,2,WH3-Z3-A2-R3-S2,548
WH3,3,2,3,3,WH3-Z3-A2-R3-S3,846
WH3,3,2,4,1,WH3-Z3-A2-R4-S1,531
WH3,3,2,4,2,WH3-Z3-A2-R4-S2,786
WH3,3,2,4,3,WH3-Z3-A2-R4-S3,408
WH3,3,2,5,1,WH3-Z3-A2-R5-S1,597
WH3,3,2,5,2,WH3-Z3-A2-R5-S2,668
WH3,3,2,5,3,WH3-Z3-A2-R5-S3,566
WH3,3,3,1,1,WH3-Z3-A3-R1-S1,850
WH3,3,3,1,2,WH3-Z3-A3-R1-S2,475
WH3,3,3,1,3,WH3-Z3-A3-R1-S3,553
WH3,3,3,2,1,WH3-Z3-A3-R2-S1,523
WH3,3,3,2,2,WH3-Z3-A3-R2-S2,814
WH3,3,3,2,3,WH3-Z3-A3-R2-S3,864
WH3,3,3,3,1,WH3-Z3-A3-R3-S1,445
WH3,3,3,3,2,WH3-Z3-A3-R3-S2,544
WH3,3,3,3,3,WH3-Z3-A3-R3-S3,644
WH3,3,3,4,1,WH3-Z3-A3-R4-S1,801
WH3,3,3,4,2,WH3-Z3-A3-R4-S2,559
WH3,3,3,4,3,WH3-Z3-A3-R4-S3,408
WH3,3,3,5,1,WH3-Z3-A3-R5-S1,366
WH3,3,3,5,2,WH3-Z3-A3-R5-S2,816
WH3,3,3,5,3,WH3-Z3-A3-R5-S3,413
WH3,3,4,1,1,WH3-Z3-A4-R1-S1,637
WH3,3,4,1,2,WH3-Z3-A4-R1-S2,845
WH3,3,4,1,3,WH3-Z3-A4-R1-S3,899
WH3,3,4,2,1,WH3-Z3-A4-R2-S1,832
WH3,3,4,2,2,WH3-Z3-A4-R2-S2,583
WH3,3,4,2,3,WH3-Z3-A4-R2-S3,779
WH3,3,4,3,1,WH3-Z3-A4-R3-S1,577
WH3,3,4,3,2,WH3-Z3-A4-R3-S2,833
WH3,3,4,3,3,WH3-Z3-A4-R3-S3,791
WH3,3,4,4,1,WH3-Z3-A4-R4-S1,680
WH3,3,4,4,2,WH3-Z3-A4-R4-S2,378
WH3,3,4,4,3,WH3-Z3-A4-R4-S3,439
WH3,3,4,5,1,WH3-Z3-A4-R5-S1,608
WH3,3,4,5,2,WH3-Z3-A4-R5-S2,573
WH3,3,4,5,3,WH3-Z3-A4-R5-S3,541
WH3,4,1,1,1,WH3-Z4-A1-R1-S1,756
WH3,4,1,1,2,WH3-Z4-A1-R1-S2,422
WH3,4,1,1,3,WH3-Z4-A1-R1-S3,649
WH3,4,1,2,1,WH3-Z4-A1-R2-S1,389
WH3,4,1,2,2,WH3-Z4-A1-R2-S2,625
WH3,4,1,2,3,WH3-Z4-A1-R2-S3,704
WH3,4,1,3,1,WH3-Z4-A1-R3-S1,459
WH3,4,1,3,2,WH3-Z4-A1-R3-S2,649
WH3,4,1,3,3,WH3-Z4-A1-R3-S3,539
WH3,4,1,4,1,WH3-Z4-A1-R4-S1,562
WH3,4,1,4,2,WH3-Z4-A1-R4-S2,733
WH3,4,1,4,3,WH3-Z4-A1-R4-S3,589
WH3,4,1,5,1,WH3-Z4-A1-R5-S1,466
WH3,4,1,5,2,WH3-Z4-A1-R5-S2,761
WH3,4,1,5,3,WH3-Z4-A1-R5-S3,415
WH3,4,2,1,1,WH3-Z4-A2-R1-S1,656
WH3,4,2,1,2,WH3-Z4-A2-R1-S2,724
WH3,4,2,1,3,WH3-Z4-A2-R1-S3,892
WH3,4,2,2,1,WH3-Z4-A2-R2-S1,383
WH3,4,2,2,2,WH3-Z4-A2-R2-S2,395
WH3,4,2,2,3,WH3-Z4-A2-R2-S3,659
WH3,4,2,3,1,WH3-Z4-A2-R3-S1,695
WH3,4,2,3,2,WH3-Z4-A2-R3-S2,606
WH3,4,2,3,3,WH3-Z4-A2-R3-S3,617
WH3,4,2,4,1,WH3-Z4-A2-R4-S1,836
WH3,4,2,4,2,WH3-Z4-A2-R4-S2,815
WH3,4,2,4,3,WH3-Z4-A2-R4-S3,723
WH3,4,2,5,1,WH3-Z4-A2-R5-S1,479
WH3,4,2,5,2,WH3-Z4-A2-R5-S2,794
WH3,4,2,5,3,WH3-Z4-A2-R5-S3,659
WH3,4,3,1,1,WH3-Z4-A3-R1-S1,551
WH3,4,3,1,2,WH3-Z4-A3-R1-S2,795
WH3,4,3,1,3,WH3-Z4-A3-R1-S3,577
WH3,4,3,2,1,WH3-Z4-A3-R2-S1,542
WH3,4,3,2,2,WH3-Z4-A3-R2-S2,759
WH3,4,3,2,3,WH3-Z4-A3-R2-S3,412
WH3,4,3,3,1,WH3-Z4-A3-R3-S1,776
WH3,4,3,3,2,WH3-Z4-A3-R3-S2,804
WH3,4,3,3,3,WH3-Z4-A3-R3-S3,538
WH3,4,3,4,1,WH3-Z4-A3-R4-S1,766
WH3,4,3,4,2,WH3-Z4-A3-R4-S2,440
WH3,4,3,4,3,WH3-Z4-A3-R4-S3,607
WH3,4,3,5,1,WH3-Z4-A3-R5-S1,642
WH3,4,3,5,2,WH3-Z4-A3-R5-S2,384
WH3,4,3,5,3,WH3-Z4-A3-R5-S3,736
WH3,4,4,1,1,WH3-Z4-A4-R1-S1,567
WH3,4,4,1,2,WH3-Z4-A4-R1-S2,729
WH3,4,4,1,3,WH3-Z4-A4-R1-S3,442
WH3,4,4,2,1,WH3-Z4-A4-R2-S1,423
WH3,4,4,2,2,WH3-Z4-A4-R2-S2,664
WH3,4,4,2,3,WH3-Z4-A4-R2-S3,776
WH3,4,4,3,1,WH3-Z4-A4-R3-S1,371
WH3,4,4,3,2,WH3-Z4-A4-R3-S2,454
WH3,4,4,3,3,WH3-Z4-A4-R3-S3,661
WH3,4,4,4,1,WH3-Z4-A4-R4-S1,725
WH3,4,4,4,2,WH3-Z4-A4-R4-S2,592
WH3,4,4,4,3,WH3-Z4-A4-R4-S3,838
WH3,4,4,5,1,WH3-Z4-A4-R5-S1,561
WH3,4,4,5,2,WH3-Z4-A4-R5-S2,354
WH3,4,4,5,3,WH3-Z4-A4-R5-S3,534
